Country Name,Country Code,Time,Time Code,"Mortality rate, under-5 (per 1,000 live births) [SH.DYN.MORT]","Population, total [SP.POP.TOTL]","Population ages 0-14, total [SP.POP.0014.TO]",Rural population (% of total population) [SP.RUR.TOTL.ZS],Urban population (% of total population) [SP.URB.TOTL.IN.ZS],Current health expenditure (% of GDP) [SH.XPD.CHEX.GD.ZS],Births attended by skilled health staff (% of total) [SH.STA.BRTC.ZS],GDP per capita (current US$) [NY.GDP.PCAP.CD],Children (0-14) living with HIV [SH.HIV.0014]
Moldova,MDA,1997,YR1997,38.2,2936413,711995,54.203,45.797,..,99.1,657.29213459795,100
Moldova,MDA,1998,YR1998,36.7,2935227,691900,54.606,45.394,..,98,578.734627562193,100
Moldova,MDA,1999,YR1999,34.4,2930622,667886,55.008,44.992,..,98,399.499818596336,100
Moldova,MDA,2000,YR2000,31.5,2924668,646122,55.411,44.589,5.92687225,98,440.538683980372,100
Moldova,MDA,2001,YR2001,28.6,2918135,627804,55.811,44.189,6.23449707,99,507.404076252819,100
Moldova,MDA,2002,YR2002,25.8,2911385,608639,56.211,43.789,7.40437651,99.6,570.799866188293,100
Moldova,MDA,2003,YR2003,23.3,2903198,589880,56.611,43.389,7.02227592,99.4,682.319095965299,100
Moldova,MDA,2004,YR2004,21.5,2896023,572937,57.01,42.99,8.97114944,99.3,897.178494749468,100
Moldova,MDA,2005,YR2005,20.1,2888985,557088,57.225,42.775,9.55814838,99.5,1034.39402990012,200
Moldova,MDA,2006,YR2006,19,2880967,543191,57.256,42.744,10.54445267,99.6,1183.02103050816,200
Moldova,MDA,2007,YR2007,18.3,2874299,531983,57.287,42.713,11.02066803,99.6,1531.22186179676,200
Moldova,MDA,2008,YR2008,17.8,2868833,523544,57.318,42.682,10.94920063,99.5,2110.56198967544,200
Moldova,MDA,2009,YR2009,17.4,2865213,518821,57.349,42.651,13.6766243,99.7,1898.43548503943,200
Moldova,MDA,2010,YR2010,17.1,2862354,515121,57.38,42.62,10.13112831,99.2,2436.79935908401,200
Moldova,MDA,2011,YR2011,16.8,2860699,510822,57.411,42.589,9.09670353,99.4,2941.36211882435,200
Moldova,MDA,2012,YR2012,16.5,2860324,507306,57.442,42.558,9.13962078,99.2,3044.80847790641,200
Moldova,MDA,2013,YR2013,16.3,2859558,505314,57.473,42.527,8.68300343,99.8,3321.04391743353,200
Moldova,MDA,2014,YR2014,16,2857815,509537,57.504,42.496,8.63275719,99.7,3327.78677471175,200
Moldova,MDA,2015,YR2015,15.8,2835978,516080,57.51,42.49,8.55763531,99.7,2731.06558405856,200
Moldova,MDA,2016,YR2016,15.5,2803186,521086,57.489,42.511,7.53552246,99.7,2879.3912909285,200
Moldova,MDA,2017,YR2017,15.3,2755189,521947,57.443,42.557,7.01328516,99.7,3509.64733969975,200
Moldova,MDA,2018,YR2018,15,2707203,520877,57.371,42.629,6.58753443,99.7,4232.20688845801,200
Moldova,MDA,2019,YR2019,14.8,2664224,518882,57.274,42.726,6.3779459,99.7,4493.37030323867,200
Moldova,MDA,2020,YR2020,14.5,2635130,517785,57.151,42.849,..,99.6,4500.62446389838,200
Moldova,MDA,2021,YR2021,..,2615199,517967,57.002,42.998,..,..,5230.66173289497,200
Ukraine,UKR,1997,YR1997,20,50594600,9871840,32.971,67.029,..,99.9,991.220397949219,1500
Ukraine,UKR,1998,YR1998,19.6,50144500,9491146,32.933,67.067,..,99.9,835.2509765625,1900
Ukraine,UKR,1999,YR1999,19,49674000,9058379,32.894,67.106,..,99.1,635.764404296875,2300
Ukraine,UKR,2000,YR2000,18.3,49176500,8629446,32.855,67.145,5.30685234,99.9,658.3486328125,2700
Ukraine,UKR,2001,YR2001,17.4,48662400,8180100,32.817,67.183,5.72534418,99.9,807.801940917969,2900
Ukraine,UKR,2002,YR2002,16.6,48202470,7754850,32.717,67.283,5.99220037,99.9,911.9111328125,3200
Ukraine,UKR,2003,YR2003,15.8,47812949,7422091,32.573,67.427,6.54574108,99.9,1087.78564453125,3400
Ukraine,UKR,2004,YR2004,15.1,47451626,7146498,32.403,67.597,6.16856956,99.9,1416.60375976563,3600
Ukraine,UKR,2005,YR2005,14.5,47105171,6905325,32.21,67.79,6.3461585,99.8,1894.47082519531,3700
Ukraine,UKR,2006,YR2006,14,46787786,6713430,32.031,67.969,6.41695166,99.9,2391.32397460938,3800
Ukraine,UKR,2007,YR2007,13.4,46509355,6581410,31.853,68.147,6.01705217,98.7,3197.93432617188,4100
Ukraine,UKR,2008,YR2008,12.9,46258189,6516026,31.675,68.325,5.49728012,99.9,4066.5478515625,4200
Ukraine,UKR,2009,YR2009,12.3,46053331,6506539,31.498,68.502,6.60771894,99.9,2639.3916015625,4200
Ukraine,UKR,2010,YR2010,11.7,45870741,6516367,31.404,68.596,6.8122654,99.9,3078.42993164063,4300
Ukraine,UKR,2011,YR2011,11.2,45706086,6540904,31.311,68.689,6.81617689,99.9,3704.82495117188,4200
Ukraine,UKR,2012,YR2012,10.7,45593342,6603170,31.218,68.782,7.11665535,99,4004.80444335938,4200
Ukraine,UKR,2013,YR2013,10.2,45489648,6692564,31.125,68.875,6.94155264,99.9,4187.73974609375,4000
Ukraine,UKR,2014,YR2014,9.8,45272155,6771766,31.032,68.968,7.18958139,99.9,3104.64331054688,3900
Ukraine,UKR,2015,YR2015,9.5,45154036,6848745,30.939,69.061,7.77609348,..,2124.66235351563,3700
Ukraine,UKR,2016,YR2016,9.2,45004673,6899660,30.846,69.154,7.54540205,..,2187.73046875,3700
Ukraine,UKR,2017,YR2017,8.9,44831135,6922875,30.754,69.246,7.43332481,..,2638.326171875,3500
Ukraine,UKR,2018,YR2018,8.6,44622518,6897422,30.648,69.352,7.51988459,..,3096.56176757813,3400
Ukraine,UKR,2019,YR2019,8.4,44386203,6836042,30.527,69.473,7.09860182,..,3661.45629882813,3200
Ukraine,UKR,2020,YR2020,8.1,44132049,6764221,30.392,69.608,..,..,3751.74072265625,3000
Ukraine,UKR,2021,YR2021,..,43792855,6666754,30.243,69.757,..,..,4835.57177734375,2700
Belarus,BLR,1997,YR1997,15.1,10117433,2077848,31.313,68.687,..,99.9,1396.44201900881,100
Belarus,BLR,1998,YR1998,14.5,10071963,2000768,30.936,69.064,..,99.9,1511.32531567314,100
Belarus,BLR,1999,YR1999,13.7,10026738,1923650,30.518,69.482,..,99.9,1210.6117195862,100
Belarus,BLR,2000,YR2000,12.7,9979610,1847901,30.027,69.973,5.2760601,99.9,1276.2880341,100
Belarus,BLR,2001,YR2001,11.8,9928549,1768816,29.542,70.458,5.70827103,99.9,1244.37318523431,100
Belarus,BLR,2002,YR2002,10.9,9865548,1688187,29.061,70.939,5.62329483,99.9,1479.31458271677,100
Belarus,BLR,2003,YR2003,10.1,9796749,1612007,28.585,71.415,5.76984167,99.9,1819.76605926177,100
Belarus,BLR,2004,YR2004,9.4,9730146,1543252,28.113,71.887,5.73709631,99.9,2378.62328600741,100
Belarus,BLR,2005,YR2005,8.7,9663915,1486400,27.646,72.354,6.07036781,100,3125.81053502853,100
Belarus,BLR,2006,YR2006,8,9604924,1443469,27.184,72.816,5.57381344,99.9,3847.43412382153,100
Belarus,BLR,2007,YR2007,7.3,9560953,1414989,26.727,73.273,5.69203281,99.9,4735.65760793999,100
Belarus,BLR,2008,YR2008,6.6,9527985,1401291,26.274,73.726,5.29415369,99.9,6377.36973201232,100
Belarus,BLR,2009,YR2009,6.1,9504583,1403069,25.828,74.172,5.39037848,99.9,5352.5839116007,100
Belarus,BLR,2010,YR2010,5.6,9483836,1415457,25.328,74.672,5.65693998,99.9,6033.6862392722,100
Belarus,BLR,2011,YR2011,5.2,9461643,1433247,24.812,75.188,4.87438536,99.8,6527.17386871642,200
Belarus,BLR,2012,YR2012,4.9,9446836,1457458,24.303,75.697,5.245327,100,6953.13251493684,200
Belarus,BLR,2013,YR2013,4.6,9443211,1485669,23.801,76.199,5.69559479,99.8,7998.12523878099,200
Belarus,BLR,2014,YR2014,4.3,9448515,1513909,23.307,76.693,5.38793373,99.8,8341.39967861093,200
Belarus,BLR,2015,YR2015,4.1,9461076,1540901,22.819,77.181,6.06533337,..,5967.05220384914,500
Belarus,BLR,2016,YR2016,3.9,9469379,1564612,22.339,77.661,5.91054153,..,5039.68188628499,500
Belarus,BLR,2017,YR2017,3.6,9458989,1579378,21.866,78.134,5.75974846,..,5785.67067254068,500
Belarus,BLR,2018,YR2018,3.4,9438785,1583721,21.405,78.595,5.52699471,..,6360.06247301284,500
Belarus,BLR,2019,YR2019,3.1,9419758,1583707,20.956,79.044,5.86133957,99.9,6837.71782606351,500
Belarus,BLR,2020,YR2020,2.9,9379952,1579559,20.517,79.483,..,99.9,6542.79749130553,500
Belarus,BLR,2021,YR2021,..,9340314,1572940,20.09,79.91,..,..,7302.25779418774,500
Bulgaria,BGR,1997,YR1997,19.3,8312068,1415685,31.769,68.231,..,99.9,1361.3923860059,..
Bulgaria,BGR,1998,YR1998,18.9,8256786,1364000,31.546,68.454,..,99.88003,1820.40523184553,..
Bulgaria,BGR,1999,YR1999,18.3,8210624,1317411,31.323,68.677,..,99,1659.71861105493,..
Bulgaria,BGR,2000,YR2000,17.5,8170172,1276729,31.101,68.899,5.82971001,99.8,1621.24301844691,..
Bulgaria,BGR,2001,YR2001,16.7,8009142,1218101,30.834,69.166,6.85958767,98.9,1770.91353394746,..
Bulgaria,BGR,2002,YR2002,15.9,7837161,1158875,30.476,69.524,7.0809865,99.2,2092.95769387611,..
Bulgaria,BGR,2003,YR2003,15.1,7775327,1118692,30.121,69.879,7.19987392,99.2,2719.49750761794,..
Bulgaria,BGR,2004,YR2004,14.2,7716860,1082269,29.767,70.233,6.89090872,99.4,3389.70680201547,..
Bulgaria,BGR,2005,YR2005,13.3,7658972,1052294,29.416,70.584,6.89011431,99.4,3899.90772068651,..
Bulgaria,BGR,2006,YR2006,12.4,7601022,1031275,29.068,70.932,6.52544594,99.4,4523.0508329806,..
Bulgaria,BGR,2007,YR2007,11.8,7545338,1019280,28.722,71.278,6.16035938,99.6,5888.77685220636,..
Bulgaria,BGR,2008,YR2008,11.4,7492561,1013221,28.378,71.622,6.28771019,99.6,7271.39583653299,..
Bulgaria,BGR,2009,YR2009,11.1,7444443,1013046,28.037,71.963,6.59577608,99.6,6988.23342017279,..
Bulgaria,BGR,2010,YR2010,10.8,7395599,1016599,27.698,72.302,7.13800573,99.5,6853.00285388669,..
Bulgaria,BGR,2011,YR2011,10.4,7348328,1019030,27.362,72.638,7.13881254,..,7849.16528274432,..
Bulgaria,BGR,2012,YR2012,9.8,7305888,1022358,27.025,72.975,7.57609081,..,7432.47876568071,..
Bulgaria,BGR,2013,YR2013,9.3,7265115,1025523,26.687,73.313,7.16768599,99.7,7681.93461995882,..
Bulgaria,BGR,2014,YR2014,8.7,7223938,1021726,26.349,73.651,7.70713234,99.7,7901.78587639382,..
Bulgaria,BGR,2015,YR2015,8.2,7177991,1012870,26.01,73.99,7.41093588,99.8,7074.68102325059,..
Bulgaria,BGR,2016,YR2016,7.7,7127822,1004658,25.671,74.329,7.47690725,..,7569.47881476759,..
Bulgaria,BGR,2017,YR2017,7.3,7075947,997805,25.331,74.669,7.5206337,..,8366.29322145748,..
Bulgaria,BGR,2018,YR2018,7,7025037,990275,24.992,75.008,7.3434248,..,9446.71709419731,..
Bulgaria,BGR,2019,YR2019,6.6,6975761,980935,24.653,75.347,7.12611389,..,9879.33434282707,..
Bulgaria,BGR,2020,YR2020,6.1,6934015,972082,24.314,75.686,..,..,10129.8129597638,..
Bulgaria,BGR,2021,YR2021,..,6877743,962521,23.975,76.025,..,..,12221.4966064171,..
Azerbaijan,AZE,1997,YR1997,88.4,7838250,2604494,48.412,51.588,..,90.4,505.500349333104,100
Azerbaijan,AZE,1998,YR1998,84.4,7913000,2580378,48.722,51.278,..,91.5,561.906807871869,100
Azerbaijan,AZE,1999,YR1999,79.6,7982750,2543845,48.815,51.185,..,92.4,573.916512334089,100
Azerbaijan,AZE,2000,YR2000,74.4,8048600,2494561,48.614,51.386,2.94894385,80.7,655.119945170816,100
Azerbaijan,AZE,2001,YR2001,69.3,8111200,2435724,48.413,51.587,2.75590682,88,703.683843432722,100
Azerbaijan,AZE,2002,YR2002,64.3,8171950,2372908,48.213,51.787,2.73279428,94,763.080637985358,100
Azerbaijan,AZE,2003,YR2003,59.7,8234100,2310826,48.012,51.988,2.73471093,95.8,883.733971498452,100
Azerbaijan,AZE,2004,YR2004,55.6,8306500,2254931,47.811,52.189,2.66530418,95.9,1045.00937916805,200
Azerbaijan,AZE,2005,YR2005,51.9,8391850,2207577,47.611,52.389,2.26107669,94.4,1578.40239029603,200
Azerbaijan,AZE,2006,YR2006,48.6,8484550,2169825,47.411,52.589,2.06678391,88,2473.08181863536,200
Azerbaijan,AZE,2007,YR2007,45.5,8581300,2143605,47.21,52.79,1.99021435,93,3851.43786871172,200
Azerbaijan,AZE,2008,YR2008,42.7,8763400,2148051,47.01,52.99,1.93880892,98,5574.60380218613,500
Azerbaijan,AZE,2009,YR2009,39.9,8947243,2160735,46.81,53.19,2.6137836,99.8,4950.29479142375,500
Azerbaijan,AZE,2010,YR2010,37.3,9054332,2164509,46.594,53.406,2.48996663,99.4,5843.5337683582,500
Azerbaijan,AZE,2011,YR2011,34.9,9173082,2184097,46.363,53.637,2.44641805,97.2,7189.69122920765,500
Azerbaijan,AZE,2012,YR2012,32.5,9295784,2218205,46.117,53.883,2.96481562,99.8,7496.29464768263,500
Azerbaijan,AZE,2013,YR2013,30.3,9416801,2261488,45.855,54.145,3.03672314,99.9,7875.75695254288,500
Azerbaijan,AZE,2014,YR2014,28.2,9535079,2308586,45.578,54.422,3.37713742,99.9,7891.31314749986,500
Azerbaijan,AZE,2015,YR2015,26.3,9649341,2355505,45.286,54.714,4.10663605,99.8,5500.31038244408,500
Azerbaijan,AZE,2016,YR2016,24.5,9757812,2397995,44.979,55.021,4.03655434,99.8,3880.73873089556,500
Azerbaijan,AZE,2017,YR2017,22.8,9854033,2426455,44.657,55.343,3.73651457,99.8,4147.08971569171,500
Azerbaijan,AZE,2018,YR2018,21.5,9939771,2439902,44.32,55.68,3.55621028,99.39,4739.84171028393,500
Azerbaijan,AZE,2019,YR2019,20.4,10024283,2447294,43.969,56.031,4.03829002,99.9,4805.75371765917,500
Azerbaijan,AZE,2020,YR2020,19.4,10093121,2444968,43.603,56.397,..,99.9,4229.91064904503,500
Azerbaijan,AZE,2021,YR2021,..,10137750,2425452,43.224,56.776,..,..,5387.99797495383,500
Montenegro,MNE,1997,YR1997,15,609520,142155,44.549,55.451,..,..,..,..
Montenegro,MNE,1998,YR1998,14.9,607662,139231,43.512,56.488,..,..,..,..
Montenegro,MNE,1999,YR1999,14.6,606001,136309,42.482,57.518,..,..,..,..
Montenegro,MNE,2000,YR2000,14.2,604950,133568,41.456,58.544,..,99.1,1627.07263304394,..
Montenegro,MNE,2001,YR2001,13.6,607389,131722,40.441,59.559,..,96.6,1909.59870186179,..
Montenegro,MNE,2002,YR2002,12.9,609828,130023,39.432,60.568,..,98,2106.6350684523,..
Montenegro,MNE,2003,YR2003,12.2,612267,128543,38.432,61.568,..,98.9,2789.15906483509,..
Montenegro,MNE,2004,YR2004,11.4,613353,127126,37.873,62.127,..,98.3,3380.16512135859,..
Montenegro,MNE,2005,YR2005,10.5,614261,125829,37.535,62.465,..,99,3674.6179242797,..
Montenegro,MNE,2006,YR2006,9.7,615025,124438,37.197,62.803,..,87.2,4425.67887307803,..
Montenegro,MNE,2007,YR2007,8.9,615875,123001,36.861,63.139,..,99.7,5976.39414454596,..
Montenegro,MNE,2008,YR2008,8.1,616969,121756,36.525,63.475,..,99.9,7367.75190910882,..
Montenegro,MNE,2009,YR2009,7.4,618294,120803,36.192,63.808,..,99.5,6727.10776676969,..
Montenegro,MNE,2010,YR2010,6.7,619428,119769,35.86,64.14,..,..,6688.48239970574,..
Montenegro,MNE,2011,YR2011,6.1,620079,118426,35.528,64.472,7.96692228,..,7328.93225247529,..
Montenegro,MNE,2012,YR2012,5.5,620601,117215,35.196,64.804,8.29550457,..,6586.7212793222,..
Montenegro,MNE,2013,YR2013,4.9,621207,116341,34.863,65.137,8.47144604,99,7189.29328653737,..
Montenegro,MNE,2014,YR2014,4.4,621810,115763,34.529,65.471,8.00086784,..,7388.14779373126,..
Montenegro,MNE,2015,YR2015,4,622159,115253,34.194,65.806,9.02188778,..,6517.16375162528,..
Montenegro,MNE,2016,YR2016,3.6,622303,114660,33.859,66.141,8.63302994,..,7033.60489868635,..
Montenegro,MNE,2017,YR2017,3.2,622373,114095,33.523,66.477,7.98255444,..,7803.41113682269,..
Montenegro,MNE,2018,YR2018,2.9,622227,113590,33.187,66.813,8.34355545,98.8,8850.09273291116,..
Montenegro,MNE,2019,YR2019,2.6,622028,113323,32.85,67.15,8.32983208,..,8909.65333601178,..
Montenegro,MNE,2020,YR2020,2.4,621306,113117,32.512,67.488,..,..,7677.15222569996,..
Montenegro,MNE,2021,YR2021,..,619211,112582,32.174,67.826,..,..,9465.70399879557,..
Russian Federation,RUS,1997,YR1997,21.2,147915361,30391403,26.637,73.363,..,99.1,2737.57202148438,..
Russian Federation,RUS,1998,YR1998,20.7,147670784,29319737,26.641,73.359,..,99.1,1834.86181640625,..
Russian Federation,RUS,1999,YR1999,20.1,147214776,28097597,26.646,73.354,..,99.1,1330.75720214844,..
Russian Federation,RUS,2000,YR2000,19.3,146596869,26857177,26.65,73.35,5.01989794,99.2,1771.59411621094,..
Russian Federation,RUS,2001,YR2001,18.3,145976482,25564296,26.654,73.346,5.24284792,99.3,2100.3525390625,..
Russian Federation,RUS,2002,YR2002,17.2,145306497,24213535,26.659,73.341,5.52166557,99.3,2377.52954101563,..
Russian Federation,RUS,2003,YR2003,16.1,144648618,23142727,26.627,73.373,5.16368914,99.4,2975.12524414063,..
Russian Federation,RUS,2004,YR2004,14.9,144067316,22430955,26.582,73.418,4.7603755,99.4,4102.36474609375,..
Russian Federation,RUS,2005,YR2005,13.8,143518814,21827181,26.537,73.463,4.77177525,99.4,5323.462890625,..
Russian Federation,RUS,2006,YR2006,12.8,143049637,21366190,26.492,73.508,4.76654387,99.5,6920.18896484375,..
Russian Federation,RUS,2007,YR2007,11.9,142805114,21164082,26.447,73.553,4.74792528,99.6,9101.2548828125,..
Russian Federation,RUS,2008,YR2008,11.2,142742366,21232539,26.402,73.598,4.90364075,99.6,11635.2724609375,..
Russian Federation,RUS,2009,YR2009,10.7,142785349,21454960,26.358,73.642,5.64392519,99.7,8562.8134765625,..
Russian Federation,RUS,2010,YR2010,10.4,142849468,21656820,26.313,73.687,4.97111845,99.7,10674.99609375,..
Russian Federation,RUS,2011,YR2011,10.1,142960908,21959317,26.268,73.732,4.79491472,99.7,14311.083984375,..
Russian Federation,RUS,2012,YR2012,9.8,143201721,22480915,26.209,73.791,4.93637609,99.7,15420.875,..
Russian Federation,RUS,2013,YR2013,9.4,143506995,23067472,26.137,73.863,5.08104849,99.7,15974.64453125,..
Russian Federation,RUS,2014,YR2014,8.9,143819667,23672867,26.05,73.95,5.18209696,99.7,14095.6484375,..
Russian Federation,RUS,2015,YR2015,8.2,144096870,24281803,25.95,74.05,5.29604387,99.7,9313.013671875,..
Russian Federation,RUS,2016,YR2016,7.5,144342397,24843305,25.836,74.164,5.28970242,99.7,8704.8984375,..
Russian Federation,RUS,2017,YR2017,6.9,144496739,25249519,25.708,74.292,5.35889769,99.7,10720.3330078125,..
Russian Federation,RUS,2018,YR2018,6.3,144477859,25437640,25.567,74.433,5.35520792,99.7,11287.3603515625,..
Russian Federation,RUS,2019,YR2019,5.8,144406261,25503352,25.413,74.587,5.64849138,99.7,11536.2509765625,..
Russian Federation,RUS,2020,YR2020,5.4,144073139,25472805,25.246,74.754,..,99.6,10169.0869140625,..
Russian Federation,RUS,2021,YR2021,..,143449286,25418651,25.066,74.934,..,..,12194.77734375,..
Slovak Republic,SVK,1997,YR1997,11,5383291,1159225,43.584,56.416,..,100,5146.67107827084,..
Slovak Republic,SVK,1998,YR1998,10.5,5390516,1128559,43.645,56.355,..,100,5538.61646477184,..
Slovak Republic,SVK,1999,YR1999,10.1,5396020,1096932,43.706,56.294,..,100,5645.58139584233,..
Slovak Republic,SVK,2000,YR2000,9.8,5388720,1061599,43.767,56.233,5.30256939,100,5426.62428119306,..
Slovak Republic,SVK,2001,YR2001,9.4,5378867,1024891,43.837,56.163,5.3315053,99.43,5722.1681828083,..
Slovak Republic,SVK,2002,YR2002,9.1,5376912,991159,43.987,56.013,5.50947618,99.43,6564.69631373665,..
Slovak Republic,SVK,2003,YR2003,8.8,5373374,959563,44.137,55.863,5.44849873,99.46,8731.93736824381,..
Slovak Republic,SVK,2004,YR2004,8.5,5372280,931500,44.287,55.713,6.37190485,99.51,10691.4465495259,..
Slovak Republic,SVK,2005,YR2005,8.2,5372807,906666,44.437,55.563,6.58870029,99.51,11690.1134689407,..
Slovak Republic,SVK,2006,YR2006,7.9,5373054,882924,44.588,55.412,6.85076714,99.52,13170.7849804675,..
Slovak Republic,SVK,2007,YR2007,7.7,5374622,862020,44.739,55.261,7.17735386,99.22,16106.0604446695,..
Slovak Republic,SVK,2008,YR2008,7.4,5379233,845539,44.889,55.111,6.9563446,99.51,18753.5849413816,..
Slovak Republic,SVK,2009,YR2009,7.2,5386406,836080,45.04,54.96,7.94779444,99.52,16597.2084581361,..
Slovak Republic,SVK,2010,YR2010,7,5391428,832811,45.315,54.685,7.73118067,99.21,16908.8479564876,..
Slovak Republic,SVK,2011,YR2011,6.8,5398384,832043,45.58,54.42,7.3478632,99,18509.7402157541,..
Slovak Republic,SVK,2012,YR2012,6.6,5407579,831274,45.72,54.28,7.54334021,99.5,17498.3539002594,..
Slovak Republic,SVK,2013,YR2013,6.5,5413393,830017,45.86,54.14,7.49961424,98.6,18276.0095516546,..
Slovak Republic,SVK,2014,YR2014,6.4,5418649,829889,46,54,6.89176321,98.3,18719.9881409371,..
Slovak Republic,SVK,2015,YR2015,6.2,5423801,831014,46.111,53.889,6.7925415,97,16390.8821748507,..
Slovak Republic,SVK,2016,YR2016,6.1,5430798,836121,46.194,53.806,7.11029387,98.1,16563.4404971229,..
Slovak Republic,SVK,2017,YR2017,6,5439232,845029,46.249,53.751,6.77144289,98.8,17585.197002257,..
Slovak Republic,SVK,2018,YR2018,5.9,5446771,854007,46.274,53.726,6.70504332,98,19486.3936845505,..
Slovak Republic,SVK,2019,YR2019,5.8,5454147,861075,46.271,53.729,6.9586463,98.3,19383.4810445228,..
Slovak Republic,SVK,2020,YR2020,5.8,5458827,864785,46.24,53.76,..,98.2,19545.7428171932,..
Slovak Republic,SVK,2021,YR2021,..,5447247,865081,46.18,53.82,..,..,21391.9253336042,..
Slovenia,SVN,1997,YR1997,6.5,1985956,345056,49.325,50.675,..,99.9,10454.9656390657,..
Slovenia,SVN,1998,YR1998,6.1,1981629,334898,49.299,50.701,..,99.8,11175.7710286265,..
Slovenia,SVN,1999,YR1999,5.8,1983045,326100,49.272,50.728,..,99.9,11452.7831245082,..
Slovenia,SVN,2000,YR2000,5.5,1988925,318664,49.246,50.754,7.80406952,99.9,10201.3035366727,..
Slovenia,SVN,2001,YR2001,5.2,1992060,311291,49.22,50.78,7.87602425,99.9,10479.7596309273,..
Slovenia,SVN,2002,YR2002,4.9,1994530,303741,49.143,50.857,8.02119923,99.9,11777.1556578814,..
Slovenia,SVN,2003,YR2003,4.7,1995733,296444,48.918,51.082,8.09883595,99.9,14849.0372415032,..
Slovenia,SVN,2004,YR2004,4.4,1997012,290571,48.692,51.308,7.93957281,99.9,17233.1385611279,..
Slovenia,SVN,2005,YR2005,4.2,2000474,286443,48.467,51.533,7.99595737,99.9,18098.9085440003,..
Slovenia,SVN,2006,YR2006,4,2006868,283946,48.242,51.758,7.82322741,99.9,19672.9655554146,..
Slovenia,SVN,2007,YR2007,3.8,2018122,283797,48.017,51.983,7.51139164,99.9,23817.8867320201,..
Slovenia,SVN,2008,YR2008,3.6,2021316,284313,47.791,52.209,7.85466576,99.9,27595.5999653992,..
Slovenia,SVN,2009,YR2009,3.4,2039669,287932,47.567,52.433,8.540802,99.9,24792.1279805504,..
Slovenia,SVN,2010,YR2010,3.2,2048583,290839,47.342,52.658,8.56503296,99.9,23532.4808545468,..
Slovenia,SVN,2011,YR2011,3.1,2052843,293845,47.117,52.883,8.53639603,99.9,25128.0150431304,..
Slovenia,SVN,2012,YR2012,2.9,2057159,297447,46.892,53.108,8.71509933,99.8,22641.805122503,..
Slovenia,SVN,2013,YR2013,2.8,2059953,300938,46.668,53.332,8.74028301,..,23503.2824850255,..
Slovenia,SVN,2014,YR2014,2.7,2061980,304230,46.443,53.557,8.50197506,..,24247.1733184083,..
Slovenia,SVN,2015,YR2015,2.6,2063531,306861,46.219,53.781,8.49823952,..,20890.1664304173,..
Slovenia,SVN,2016,YR2016,2.5,2065042,308922,45.98,54.02,8.4630394,..,21678.3594670629,..
Slovenia,SVN,2017,YR2017,2.4,2066388,310963,45.727,54.273,8.18522835,..,23514.0254604147,..
Slovenia,SVN,2018,YR2018,2.3,2073894,313832,45.459,54.541,8.27940369,..,26123.7471277911,..
Slovenia,SVN,2019,YR2019,2.3,2088385,317146,45.178,54.822,8.52386475,..,26016.078683914,..
Slovenia,SVN,2020,YR2020,2.2,2102419,319621,44.882,55.118,..,..,25545.2410027136,..
Slovenia,SVN,2021,YR2021,..,2108079,320184,44.573,55.427,..,..,29291.4006234431,..
Serbia,SRB,1997,YR1997,15.5,7596501,1342842,47.902,52.098,..,..,3380.04141638289,..
Serbia,SRB,1998,YR1998,14,7567745,1309479,47.678,52.322,..,..,2571.17271041453,..
Serbia,SRB,1999,YR1999,13.1,7540401,1269977,47.455,52.545,..,..,2571.30403953333,..
Serbia,SRB,2000,YR2000,12.6,7516346,1236736,47.231,52.769,6.49934578,98,914.785719885861,..
Serbia,SRB,2001,YR2001,12.2,7503433,1214692,47.008,52.992,6.86061621,98.2,1727.28119565526,..
Serbia,SRB,2002,YR2002,11.5,7496522,1197686,46.785,53.215,8.0600071,99.2,2283.84668494941,..
Serbia,SRB,2003,YR2003,10.5,7480591,1179555,46.563,53.437,8.1294651,98.5,3005.42635224484,..
Serbia,SRB,2004,YR2004,9.7,7463157,1161231,46.339,53.661,8.24021435,98.7,3502.80292389567,..
Serbia,SRB,2005,YR2005,8.9,7440769,1141145,46.117,53.883,8.27808189,99.7,3720.47915467431,..
Serbia,SRB,2006,YR2006,8.4,7411569,1118535,45.895,54.105,8.48804665,88.9,4382.61727851692,..
Serbia,SRB,2007,YR2007,8.1,7381579,1097453,45.672,54.328,9.37001324,99.8,5848.47640545105,..
Serbia,SRB,2008,YR2008,8,7350222,1078772,45.45,54.55,9.47590065,99.7,7101.04014116862,..
Serbia,SRB,2009,YR2009,7.8,7320807,1061973,45.228,54.772,9.3397665,99.8,6169.11419477823,..
Serbia,SRB,2010,YR2010,7.6,7291436,1046275,45.007,54.993,9.52071667,99.7,5735.42285659849,..
Serbia,SRB,2011,YR2011,7.4,7234099,1027023,44.785,55.215,9.10749245,99,6809.15980400146,..
Serbia,SRB,2012,YR2012,7.1,7199077,1013876,44.644,55.356,9.32176399,99,6015.94522756969,..
Serbia,SRB,2013,YR2013,6.9,7164132,1011429,44.531,55.469,9.30588913,99.9,6755.07367461629,..
Serbia,SRB,2014,YR2014,6.6,7130576,1016050,44.417,55.583,9.23958969,98.4,6600.05680854589,..
Serbia,SRB,2015,YR2015,6.3,7095383,1015405,44.304,55.696,8.8132,..,5588.98072768556,..
Serbia,SRB,2016,YR2016,6,7058322,1007091,44.19,55.81,8.4589138,..,5765.20076202711,..
Serbia,SRB,2017,YR2017,5.9,7020858,995234,44.058,55.942,8.22039318,..,6292.54362926707,..
Serbia,SRB,2018,YR2018,5.8,6982604,983801,43.908,56.092,8.5316782,..,7252.40185773992,..
Serbia,SRB,2019,YR2019,5.7,6945235,976736,43.74,56.26,8.67206478,99.9,7417.20364852201,..
Serbia,SRB,2020,YR2020,5.6,6899126,974823,43.554,56.446,..,..,7733.80286920471,..
Serbia,SRB,2021,YR2021,..,6834326,975162,43.349,56.651,..,..,9230.17831602601,..
Czechia,CZE,1997,YR1997,7,10304131,1826533,25.618,74.382,..,100,6034.48843731935,..
Czechia,CZE,1998,YR1998,6.3,10294373,1780547,25.749,74.251,..,99.9,6489.7036188033,..
Czechia,CZE,1999,YR1999,5.8,10283860,1735914,25.88,74.12,..,99.9,6337.41912037126,..
Czechia,CZE,2000,YR2000,5.5,10255063,1688530,26.012,73.988,5.70103025,99.8,6029.03819275358,..
Czechia,CZE,2001,YR2001,5.2,10216605,1641336,26.123,73.877,5.86295414,99.8,6637.04165713981,..
Czechia,CZE,2002,YR2002,5,10196916,1600483,26.191,73.809,6.17736149,99.8,8060.86870292424,..
Czechia,CZE,2003,YR2003,4.8,10193998,1563726,26.26,73.74,6.52412462,99.8,9818.56849307488,..
Czechia,CZE,2004,YR2004,4.6,10197101,1530332,26.329,73.671,6.35071039,99.8,11749.8526643577,..
Czechia,CZE,2005,YR2005,4.4,10211216,1502068,26.398,73.602,6.34086704,99.8,13430.6698955613,..
Czechia,CZE,2006,YR2006,4.1,10238905,1479127,26.467,73.533,6.16380167,99.7,15261.7975911138,..
Czechia,CZE,2007,YR2007,3.9,10298828,1470338,26.537,73.463,5.98578358,99.7,18466.5479299216,..
Czechia,CZE,2008,YR2008,3.7,10384603,1475524,26.606,73.394,6.33024883,99.6,22804.5776774507,..
Czechia,CZE,2009,YR2009,3.5,10443936,1487398,26.676,73.324,7.248806,99.6,19861.6974295256,..
Czechia,CZE,2010,YR2010,3.4,10474410,1508548,26.745,73.255,6.87530422,99.7,19960.0684872157,..
Czechia,CZE,2011,YR2011,3.3,10496088,1531511,26.815,73.185,6.92782688,99.9,21871.2660754128,..
Czechia,CZE,2012,YR2012,3.2,10510785,1550777,26.803,73.197,6.97858715,99.9,19870.8012123403,..
Czechia,CZE,2013,YR2013,3.1,10514272,1568887,26.71,73.29,7.7224946,99.8,20133.1691431353,..
Czechia,CZE,2014,YR2014,3.1,10525347,1589099,26.616,73.384,7.59677219,99.8,19890.9199056648,..
Czechia,CZE,2015,YR2015,3.2,10546059,1610550,26.523,73.477,7.19641542,..,17829.6983223668,..
Czechia,CZE,2016,YR2016,3.2,10566332,1630352,26.43,73.57,7.10655022,..,18575.2320271915,..
Czechia,CZE,2017,YR2017,3.2,10594438,1650478,26.325,73.675,7.14152622,99.8,20636.199952435,..
Czechia,CZE,2018,YR2018,3.1,10629928,1671669,26.208,73.792,7.52479792,..,23424.4804601855,..
Czechia,CZE,2019,YR2019,3,10671870,1692958,26.079,73.921,7.83470726,..,23664.8478631108,..
Czechia,CZE,2020,YR2020,2.9,10697858,1707572,25.939,74.061,..,..,22992.8793833348,..
Czechia,CZE,2021,YR2021,..,10505772,1681233,25.786,74.214,..,..,26821.2452279995,..
Hungary,HUN,1997,YR1997,11.5,10290486,1812236,35.044,64.956,..,99.5,4596.18262235195,..
Hungary,HUN,1998,YR1998,11.1,10266570,1782026,35.171,64.829,..,99.5,4744.21226429639,..
Hungary,HUN,1999,YR1999,10.7,10237530,1751229,35.298,64.702,..,99.5,4793.47852203763,..
Hungary,HUN,2000,YR2000,10.1,10210971,1717514,35.425,64.575,6.77804375,99.5,4624.28165670295,..
Hungary,HUN,2001,YR2001,9.6,10187576,1680734,35.33,64.67,6.82614756,99.6,5276.03318905496,..
Hungary,HUN,2002,YR2002,9,10158608,1648584,34.919,65.081,7.12101698,99.6,6655.33300865319,..
Hungary,HUN,2003,YR2003,8.4,10129552,1621767,34.511,65.489,8.11923409,99.6,8419.43087098103,..
Hungary,HUN,2004,YR2004,7.9,10107146,1594924,34.104,65.896,7.77005482,99.6,10301.7033946743,..
Hungary,HUN,2005,YR2005,7.5,10087065,1568697,33.635,66.365,8.00078201,99.6,11223.3993032598,..
Hungary,HUN,2006,YR2006,7.2,10071370,1543767,33.105,66.895,7.78737354,99.7,11489.5608654088,..
Hungary,HUN,2007,YR2007,6.8,10055780,1521466,32.579,67.421,7.21529293,99.6,13940.9092761999,..
Hungary,HUN,2008,YR2008,6.5,10038188,1502936,32.057,67.943,7.09688091,99.5,15772.3300839383,..
Hungary,HUN,2009,YR2009,6.2,10022650,1486854,31.54,68.46,7.2392807,99.6,13077.305465178,..
Hungary,HUN,2010,YR2010,6,10000023,1469006,31.089,68.911,7.46319818,99.1,13217.5045951108,..
Hungary,HUN,2011,YR2011,5.9,9971727,1451477,30.642,69.358,7.49094248,99,14234.471576937,..
Hungary,HUN,2012,YR2012,5.7,9920362,1435361,30.322,69.678,7.43017483,99,12984.8365730133,..
Hungary,HUN,2013,YR2013,5.6,9893082,1428152,30.047,69.953,7.24897766,99.1,13715.0703590361,..
Hungary,HUN,2014,YR2014,5.4,9866468,1426330,29.773,70.227,7.06011677,99.2,14294.2584180751,..
Hungary,HUN,2015,YR2015,5.1,9843028,1425679,29.5,70.5,6.85949564,99.6,12717.038597002,..
Hungary,HUN,2016,YR2016,4.7,9814023,1423539,29.221,70.779,6.99535179,99.7,13104.6995457458,..
Hungary,HUN,2017,YR2017,4.4,9787966,1422289,28.938,71.062,6.75595856,99.7,14621.2395956755,..
Hungary,HUN,2018,YR2018,4.2,9775564,1421773,28.649,71.351,6.54620171,..,16425.1012999059,..
Hungary,HUN,2019,YR2019,4.1,9771141,1421542,28.356,71.644,6.35002232,..,16782.9524639857,..
Hungary,HUN,2020,YR2020,4,9750149,1419331,28.058,71.942,..,..,16120.9890495243,..
Hungary,HUN,2021,YR2021,..,9709891,1413125,27.755,72.245,..,..,18728.1218948689,..
Poland,POL,1997,YR1997,12,38649660,8327712,38.417,61.583,..,99.7,4123.13561806773,..
Poland,POL,1998,YR1998,10.8,38663481,8051834,38.373,61.627,..,99.7,4518.10822630174,..
Poland,POL,1999,YR1999,10,38660271,7761410,38.328,61.672,..,99.7,4398.08104335996,..
Poland,POL,2000,YR2000,9.3,38258629,7394828,38.284,61.716,5.28789568,99.4,4501.45406742273,..
Poland,POL,2001,YR2001,8.8,38248076,7128495,38.239,61.761,5.66721439,99.8,4991.24435799511,..
Poland,POL,2002,YR2002,8.4,38230364,6891281,38.213,61.787,6.0672431,99.8,5207.17142069402,..
Poland,POL,2003,YR2003,8.1,38204570,6667579,38.324,61.676,5.95371294,99.8,5701.6022116161,..
Poland,POL,2004,YR2004,7.8,38182222,6461606,38.436,61.564,5.86845255,99.8,6681.38647195042,..
Poland,POL,2005,YR2005,7.6,38165445,6275690,38.548,61.452,5.80689144,99.3,8021.50574346795,..
Poland,POL,2006,YR2006,7.3,38141267,6108680,38.659,61.341,5.80280542,99.4,9035.41046744936,..
Poland,POL,2007,YR2007,7,38120560,5976694,38.771,61.229,5.87339211,99.4,11254.5173881254,..
Poland,POL,2008,YR2008,6.7,38125759,5892884,38.884,61.116,6.37592173,99.4,13996.0251506835,..
Poland,POL,2009,YR2009,6.3,38151603,5844464,38.996,61.004,6.587708,99.7,11526.0558884824,..
Poland,POL,2010,YR2010,6,38042794,5793482,39.108,60.892,6.41223288,99.9,12504.2501856093,..
Poland,POL,2011,YR2011,5.7,38063255,5764799,39.22,60.78,6.2400856,99.9,13776.6115521996,..
Poland,POL,2012,YR2012,5.4,38063164,5736517,39.346,60.654,6.22393656,99.9,13010.923390231,..
Poland,POL,2013,YR2013,5.2,38040196,5713238,39.471,60.529,6.41485739,99.9,13558.414058018,..
Poland,POL,2014,YR2014,5,38011735,5696884,39.597,60.403,6.38664055,99.9,14182.1375046373,..
Poland,POL,2015,YR2015,4.9,37986412,5688308,39.722,60.278,6.39477158,99.9,12560.051419682,..
Poland,POL,2016,YR2016,4.7,37970087,5693104,39.822,60.178,6.53473806,99.8,12378.75943742,..
Poland,POL,2017,YR2017,4.6,37974826,5727858,39.895,60.105,6.5601325,99.8,13815.6217986247,..
Poland,POL,2018,YR2018,4.5,37974750,5773407,39.942,60.058,6.32764196,99.8,15504.5804848188,..
Poland,POL,2019,YR2019,4.4,37965475,5805897,39.963,60.037,6.44682503,99.8,15699.9113500703,..
Poland,POL,2020,YR2020,4.4,37899070,5816751,39.957,60.043,..,99.7,15816.989398397,..
Poland,POL,2021,YR2021,..,37747124,5801467,39.925,60.075,..,..,17999.9099495446,..
Romania,ROU,1997,YR1997,25.6,22553978,4450607,46.537,53.463,..,98.3,1577.32335708773,6000
Romania,ROU,1998,YR1998,24.4,22507344,4368469,46.689,53.311,..,99,1852.46730900413,5800
Romania,ROU,1999,YR1999,23,22472040,4282219,46.842,53.158,..,98,1599.88953304677,5600
Romania,ROU,2000,YR2000,21.6,22442971,4177559,46.996,53.004,4.20876122,99,1659.90763954548,5300
Romania,ROU,2001,YR2001,20.5,22131970,4000532,47.148,52.852,4.37598133,99,1825.17980455979,5000
Romania,ROU,2002,YR2002,20.1,21730496,3792690,47.22,52.78,4.57694626,99.1,2119.88267323918,4400
Romania,ROU,2003,YR2003,20,21574326,3636476,47.088,52.912,5.37136745,99.2,2679.41190951209,3700
Romania,ROU,2004,YR2004,19.4,21451748,3504005,46.957,53.043,5.47733545,98.9,3494.94451718304,2900
Romania,ROU,2005,YR2005,18.1,21319685,3404675,46.826,53.174,5.52778149,98.1,4617.92901643258,2100
Romania,ROU,2006,YR2006,16.6,21193760,3349151,46.695,53.305,5.07106066,98.2,5757.4964285719,1400
Romania,ROU,2007,YR2007,15.2,20882982,3287520,46.564,53.436,5.02223349,98.8,8360.16632132485,1000
Romania,ROU,2008,YR2008,14,20537875,3233612,46.433,53.567,5.02274227,99.4,10435.0439841037,760
Romania,ROU,2009,YR2009,13.1,20367487,3213802,46.302,53.698,5.27841282,99.5,8548.11867218639,620
Romania,ROU,2010,YR2010,12.4,20246871,3204556,46.171,53.829,5.76614237,99.5,8397.80917311457,550
Romania,ROU,2011,YR2011,11.8,20147528,3194325,46.04,53.96,4.70199966,99.4,9560.18451265292,500
Romania,ROU,2012,YR2012,11.2,20058035,3178578,46.026,53.974,4.73353195,99.5,8930.72991164974,500
Romania,ROU,2013,YR2013,10.6,19983693,3157067,46.063,53.937,5.19664145,96.6,9497.25499044431,500
Romania,ROU,2014,YR2014,9.9,19908979,3132228,46.1,53.9,5.02168465,95.4,10031.267274026,500
Romania,ROU,2015,YR2015,9.2,19815616,3114888,46.113,53.887,4.94721556,94.3,8976.88053477541,500
Romania,ROU,2016,YR2016,8.5,19702267,3106483,46.1,53.9,5.00346899,95,9404.34187358344,500
Romania,ROU,2017,YR2017,7.9,19588715,3106808,46.064,53.936,5.1508317,93.5,10727.9496853377,500
Romania,ROU,2018,YR2018,7.4,19473970,3106100,46.002,53.998,5.56050777,93.1,12494.4774670309,200
Romania,ROU,2019,YR2019,7.1,19371648,3099866,45.916,54.084,5.74447823,93.1,12958.0755553785,200
Romania,ROU,2020,YR2020,6.9,19265250,3085931,45.806,54.194,..,..,13047.4320617591,200
Romania,ROU,2021,YR2021,..,19119880,3064301,45.671,54.329,..,..,14858.2294290445,200
Bosnia and Herzegovina,BIH,1997,YR1997,11.5,4047748,889644,58.558,41.442,..,98.7,907.125765793352,..
Bosnia and Herzegovina,BIH,1998,YR1998,10.9,4115059,870784,58.245,41.755,..,99.3,1000.3986424992,..
Bosnia and Herzegovina,BIH,1999,YR1999,10.3,4153014,846770,57.931,42.069,..,99.6,1128.27289180061,..
Bosnia and Herzegovina,BIH,2000,YR2000,9.9,4179350,820173,57.616,42.384,7.65342188,98.9,1332.12236478772,..
Bosnia and Herzegovina,BIH,2001,YR2001,9.6,4194932,792980,57.302,42.698,7.27702522,99.9,1382.80542024858,..
Bosnia and Herzegovina,BIH,2002,YR2002,9.3,4198410,766065,56.986,43.014,7.12647152,99.9,1602.6951437748,..
Bosnia and Herzegovina,BIH,2003,YR2003,9.2,4183757,738950,56.67,43.33,8.03272915,99.9,2031.32277450429,..
Bosnia and Herzegovina,BIH,2004,YR2004,9.1,4142860,710806,56.352,43.648,9.06270218,99.9,2451.82168073601,..
Bosnia and Herzegovina,BIH,2005,YR2005,8.9,4094297,683964,56.035,43.965,9.05223751,99.9,2741.11851892289,..
Bosnia and Herzegovina,BIH,2006,YR2006,8.6,4058086,660033,55.718,44.282,9.17218685,99.4,3170.11784995261,..
Bosnia and Herzegovina,BIH,2007,YR2007,8.3,4007876,640441,55.399,44.601,9.5306015,99.9,3936.94001256103,..
Bosnia and Herzegovina,BIH,2008,YR2008,7.9,3943392,627866,55.08,44.92,9.68943882,99.9,4846.77642113418,..
Bosnia and Herzegovina,BIH,2009,YR2009,7.5,3877750,618355,54.761,45.239,9.02212143,99.9,4542.28263659833,..
Bosnia and Herzegovina,BIH,2010,YR2010,7.2,3811088,607042,54.442,45.558,9.01888275,99.9,4507.05443324588,..
Bosnia and Herzegovina,BIH,2011,YR2011,6.9,3743142,592032,54.122,45.878,9.17856026,99.9,4981.03568097896,..
Bosnia and Herzegovina,BIH,2012,YR2012,6.7,3674374,574424,53.801,46.199,9.49001503,99.9,4688.37662297884,..
Bosnia and Herzegovina,BIH,2013,YR2013,6.5,3617559,557358,53.481,46.519,9.44886494,..,5025.07459738709,..
Bosnia and Herzegovina,BIH,2014,YR2014,6.4,3571068,543159,53.16,46.84,9.49011135,99.9,5196.86080042254,..
Bosnia and Herzegovina,BIH,2015,YR2015,6.3,3524324,531982,52.827,47.173,9.35174561,99.9,4599.90102879933,..
Bosnia and Herzegovina,BIH,2016,YR2016,6.2,3480986,522937,52.482,47.518,9.24976635,99.9,4858.77592634808,..
Bosnia and Herzegovina,BIH,2017,YR2017,6.1,3440027,515306,52.124,47.876,8.93797779,99.9,5255.80705791233,..
Bosnia and Herzegovina,BIH,2018,YR2018,6,3400129,508610,51.755,48.245,8.89146042,99.9,5936.10150173874,..
Bosnia and Herzegovina,BIH,2019,YR2019,5.9,3360711,502109,51.374,48.626,9.04909897,99.9,6011.37067052755,..
Bosnia and Herzegovina,BIH,2020,YR2020,5.7,3318407,495240,50.98,49.02,..,..,6012.06276705855,..
Bosnia and Herzegovina,BIH,2021,YR2021,..,3270943,488002,50.575,49.425,..,..,7143.3105484321,..
Albania,ALB,1997,YR1997,31.3,3148281,980288,59.965,40.035,..,98.8,717.380047745673,..
Albania,ALB,1998,YR1998,30,3128530,960317,59.399,40.601,..,99.1,813.789396580449,..
Albania,ALB,1999,YR1999,28.6,3108778,937598,58.831,41.169,..,99,1033.24253162418,..
Albania,ALB,2000,YR2000,27.2,3089027,912618,58.259,41.741,7.2333703,99.1,1126.68334010717,..
Albania,ALB,2001,YR2001,25.8,3060173,882800,57.565,42.435,7.13952398,99,1281.6598256178,..
Albania,ALB,2002,YR2002,24.4,3051010,856575,56.499,43.501,6.90934134,98,1425.12421860142,..
Albania,ALB,2003,YR2003,23,3039616,828357,55.427,44.573,7.06348991,98.8,1846.12012081207,..
Albania,ALB,2004,YR2004,21.5,3026939,798628,54.349,45.651,6.77337217,99.3,2373.58129170055,..
Albania,ALB,2005,YR2005,20,3011487,767057,53.269,46.731,6.33554173,99.8,2673.78658429559,..
Albania,ALB,2006,YR2006,18.5,2992547,734388,52.185,47.815,6.00927734,99,2972.74292399799,..
Albania,ALB,2007,YR2007,17.1,2970017,700936,51.098,48.902,6.31683397,..,3595.03805682893,..
Albania,ALB,2008,YR2008,15.8,2947314,668414,50.009,49.991,5.1390624,..,4370.5399247769,..
Albania,ALB,2009,YR2009,14.5,2927519,638164,48.924,51.076,4.6022253,99.3,4114.13489916342,..
Albania,ALB,2010,YR2010,13.3,2913021,611109,47.837,52.163,4.7457962,..,4094.34838574494,..
Albania,ALB,2011,YR2011,12.1,2905195,588210,46.753,53.247,4.79534149,..,4437.14261222684,..
Albania,ALB,2012,YR2012,11.2,2900401,568948,45.67,54.33,5.05526543,..,4247.63004748194,..
Albania,ALB,2013,YR2013,10.4,2895092,552588,44.613,55.387,5.38561106,..,4413.06200528903,..
Albania,ALB,2014,YR2014,9.9,2889104,537717,43.577,56.423,5.50347328,..,4578.63320812155,..
Albania,ALB,2015,YR2015,9.6,2880703,523328,42.566,57.434,4.89631176,..,3952.80253807527,..
Albania,ALB,2016,YR2016,9.4,2876101,511771,41.579,58.421,4.91601658,..,4124.05538986272,..
Albania,ALB,2017,YR2017,9.4,2873457,501223,40.617,59.383,5.01263571,..,4531.0193737689,..
Albania,ALB,2018,YR2018,9.5,2866376,489665,39.681,60.319,5.23207188,99.8,5287.66369446913,..
Albania,ALB,2019,YR2019,9.7,2854191,478127,38.771,61.229,..,..,5396.21586434732,..
Albania,ALB,2020,YR2020,9.8,2837849,467437,37.888,62.112,..,..,5332.16047456847,..
Albania,ALB,2021,YR2021,..,2811666,457788,37.031,62.969,..,..,6492.87201224634,..
Greece,GRC,1997,YR1997,7.7,10661259,1680384,27.642,72.358,..,99.89,13427.8325055002,..
Greece,GRC,1998,YR1998,7.3,10720509,1647650,27.522,72.478,..,99.9,13472.1376092623,..
Greece,GRC,1999,YR1999,6.9,10761698,1618604,27.403,72.597,..,99.93,13249.6633239242,..
Greece,GRC,2000,YR2000,6.4,10805808,1598183,27.284,72.716,7.24332571,99.94,12072.9293569196,..
Greece,GRC,2001,YR2001,6,10862132,1586852,27.087,72.913,7.9878397,99.95,12549.036894906,..
Greece,GRC,2002,YR2002,5.6,10902022,1577882,26.697,73.303,8.23378086,99.96,14177.5721592705,..
Greece,GRC,2003,YR2003,5.2,10928070,1569511,26.311,73.689,8.44915676,99.98,18518.3788387396,..
Greece,GRC,2004,YR2004,4.9,10955141,1564876,25.927,74.073,8.09390354,99.97,21995.477943746,..
Greece,GRC,2005,YR2005,4.6,10987314,1569442,25.548,74.452,8.56466961,99.97,22560.1472939077,..
Greece,GRC,2006,YR2006,4.3,11020362,1578276,25.173,74.827,8.25866985,99.99,24821.9367451879,..
Greece,GRC,2007,YR2007,4.1,11048473,1585988,24.801,75.199,8.39808178,99.98,28863.9732885018,..
Greece,GRC,2008,YR2008,4,11077841,1596905,24.432,75.568,8.82774258,99.97,32127.9831943287,..
Greece,GRC,2009,YR2009,3.9,11107017,1609916,24.068,75.932,9.40688515,99.95,29828.7560245271,..
Greece,GRC,2010,YR2010,3.9,11121341,1619965,23.708,76.292,9.59662342,99.96,26716.6488260274,..
Greece,GRC,2011,YR2011,4,11104899,1622976,23.351,76.649,9.19330311,99.96,25483.8825644931,..
Greece,GRC,2012,YR2012,4,11045011,1617144,22.996,77.004,8.92377281,99.91,21912.9982879517,..
Greece,GRC,2013,YR2013,4.1,10965211,1605842,22.645,77.355,8.36682224,99.91,21787.7877636035,..
Greece,GRC,2014,YR2014,4.3,10892413,1591915,22.298,77.702,7.90779018,99.93,21616.7100094908,..
Greece,GRC,2015,YR2015,4.4,10820883,1574493,21.954,78.046,8.06892395,99.94,18083.8779056547,..
Greece,GRC,2016,YR2016,4.4,10775971,1560239,21.613,78.387,8.32109451,99.94,17923.9668134716,..
Greece,GRC,2017,YR2017,4.3,10754679,1550619,21.276,78.724,8.10309219,99.93,18582.0893411631,..
Greece,GRC,2018,YR2018,4.2,10732882,1540280,20.942,79.058,7.95876884,99.9,19756.990456255,..
Greece,GRC,2019,YR2019,4.2,10721582,1530089,20.612,79.388,7.83788586,..,19144.284387556,..
Greece,GRC,2020,YR2020,4.1,10698599,1516781,20.285,79.715,..,..,17658.9473011192,..
Greece,GRC,2021,YR2021,..,10641221,1496180,19.962,80.038,..,..,20192.5963039061,..
North Macedonia,MKD,1997,YR1997,19.2,1996869,478349,40.828,59.172,..,95.6,1959.56073782188,..
North Macedonia,MKD,1998,YR1998,18.4,2007523,468399,41.035,58.965,..,96.6,1875.81776397421,..
North Macedonia,MKD,1999,YR1999,17.4,2017142,460131,41.243,58.757,..,97,1915.39375312845,..
North Macedonia,MKD,2000,YR2000,16,2026350,455471,41.452,58.548,8.86991501,97.7,1861.89806549945,..
North Macedonia,MKD,2001,YR2001,14.8,2034882,453357,41.661,58.339,8.3815918,97.6,1823.02356104612,..
North Macedonia,MKD,2002,YR2002,14.3,2020157,444400,41.87,58.13,8.97826958,98.2,1989.13512536126,..
North Macedonia,MKD,2003,YR2003,14.4,2026773,437458,42.079,57.921,9.00857735,99,2440.47694280043,..
North Macedonia,MKD,2004,YR2004,14.3,2032544,429610,42.289,57.711,8.46505356,99,2795.89926079271,..
North Macedonia,MKD,2005,YR2005,13.7,2036855,420521,42.468,57.532,7.67907524,99.1,3072.67857251806,..
North Macedonia,MKD,2006,YR2006,13,2040228,410989,42.617,57.383,7.38314629,97.8,3362.96841919784,..
North Macedonia,MKD,2007,YR2007,12.3,2043559,402144,42.736,57.264,6.57065344,99.6,4079.3919539826,..
North Macedonia,MKD,2008,YR2008,11.7,2046898,394006,42.825,57.175,6.55317593,99.7,4841.25169443101,..
North Macedonia,MKD,2009,YR2009,11,2050671,386192,42.883,57.117,6.52846384,99.8,4584.7098319119,..
North Macedonia,MKD,2010,YR2010,10.4,2055004,379266,42.911,57.089,6.71369648,99.9,4577.68875507362,..
North Macedonia,MKD,2011,YR2011,10,2058539,372680,42.908,57.092,6.51887369,89.1,5098.09758250193,..
North Macedonia,MKD,2012,YR2012,10.1,2061044,366696,42.875,57.125,6.61468363,99.9,4728.30814189843,..
North Macedonia,MKD,2013,YR2013,10.6,2064032,361835,42.811,57.189,6.7192831,99.9,5241.05834548355,..
North Macedonia,MKD,2014,YR2014,11.2,2067471,357874,42.716,57.284,6.28993368,99.9,5495.73504918897,..
North Macedonia,MKD,2015,YR2015,11.4,2070226,354352,42.592,57.408,6.34227896,99.9,4861.55397141497,..
North Macedonia,MKD,2016,YR2016,10.9,2072490,350491,42.437,57.563,6.37943363,99.9,5149.58907435906,..
North Macedonia,MKD,2017,YR2017,9.6,2074502,345957,42.252,57.748,6.5939827,99.9,5450.4928808666,..
North Macedonia,MKD,2018,YR2018,8.1,2076217,340977,42.037,57.963,6.55475044,99.9,6108.74010831698,..
North Macedonia,MKD,2019,YR2019,6.8,2076694,336933,41.792,58.208,7.25409985,100,6070.38805358275,..
North Macedonia,MKD,2020,YR2020,5.9,2072531,334108,41.518,58.482,..,..,5965.45023195365,..
North Macedonia,MKD,2021,YR2021,..,2065092,331773,41.214,58.786,..,..,6694.64112581709,..
Croatia,HRV,1997,YR1997,9.3,4534920,803467,47.261,52.739,..,99.9,5298.80375771981,..
Croatia,HRV,1998,YR1998,8.9,4532135,795799,47.032,52.968,..,99.9,5677.70488566224,..
Croatia,HRV,1999,YR1999,8.6,4512597,784311,46.802,53.198,..,99.9,5236.21928005723,..
Croatia,HRV,2000,YR2000,8.3,4468302,768465,46.572,53.428,7.71451426,99.9,4880.56898237938,..
Croatia,HRV,2001,YR2001,8,4299642,730243,46.358,53.642,7.2349987,99.9,5409.65219372513,..
Croatia,HRV,2002,YR2002,7.7,4302174,719388,46.19,53.81,6.20509815,99.9,6295.7152079073,..
Croatia,HRV,2003,YR2003,7.3,4303399,708169,46.021,53.979,6.35763264,99.9,8138.42810922399,..
Croatia,HRV,2004,YR2004,7,4304600,697841,45.853,54.147,6.57048893,99.9,9760.13086042749,..
Croatia,HRV,2005,YR2005,6.7,4310145,689882,45.685,54.315,6.90785742,99.9,10634.2357827089,..
Croatia,HRV,2006,YR2006,6.4,4311159,681766,45.517,54.483,6.97907209,99.9,11810.0530029407,..
Croatia,HRV,2007,YR2007,6.2,4310217,674269,45.349,54.651,7.47507524,99.9,14069.3480117633,..
Croatia,HRV,2008,YR2008,5.9,4309705,669186,45.181,54.819,7.72871161,99.9,16461.289132195,..
Croatia,HRV,2009,YR2009,5.7,4305181,664279,45.013,54.987,8.17583179,99.9,14708.8809120687,..
Croatia,HRV,2010,YR2010,5.5,4295427,657449,44.845,55.155,8.0887022,99.9,14124.8108429702,..
Croatia,HRV,2011,YR2011,5.3,4280622,647307,44.678,55.322,7.76850891,99.9,14812.8694716528,..
Croatia,HRV,2012,YR2012,5.2,4267558,636487,44.494,55.506,7.78380489,99.9,13443.1352298628,..
Croatia,HRV,2013,YR2013,5.1,4255689,626712,44.294,55.706,6.51796293,99.9,13871.3299049143,..
Croatia,HRV,2014,YR2014,5,4238389,617285,44.077,55.923,6.70013046,99.9,13784.4783575033,..
Croatia,HRV,2015,YR2015,4.9,4203604,606649,43.845,56.155,6.78702879,99.9,11952.3111753908,..
Croatia,HRV,2016,YR2016,4.8,4174349,598350,43.597,56.403,6.82921791,99.9,12552.2553786198,..
Croatia,HRV,2017,YR2017,4.8,4124531,588930,43.333,56.667,6.75844765,99.9,13655.8159387619,..
Croatia,HRV,2018,YR2018,4.7,4087843,582659,43.053,56.947,6.78430557,..,15244.4310483476,..
Croatia,HRV,2019,YR2019,4.6,4065253,578761,42.758,57.242,6.97861767,99.96,15331.8830536722,..
Croatia,HRV,2020,YR2020,4.6,4047680,574476,42.447,57.553,..,..,14198.7539594744,..
Croatia,HRV,2021,YR2021,..,3899000,551222,42.122,57.878,..,..,17685.3252834553,..
Lithuania,LTU,1997,YR1997,12.3,3575137,755622,32.834,67.166,..,100,2830.27807089131,..
Lithuania,LTU,1998,YR1998,11.6,3549331,734913,32.894,67.106,..,100,3166.66653264509,..
Lithuania,LTU,1999,YR1999,11.1,3524238,712638,32.954,67.046,..,100,3113.17906019859,..
Lithuania,LTU,2000,YR2000,10.7,3499536,689082,33.014,66.986,6.19950438,100,3293.22997867086,..
Lithuania,LTU,2001,YR2001,10.3,3470818,662677,33.081,66.919,6.01339579,100,3525.79363185461,..
Lithuania,LTU,2002,YR2002,9.9,3443067,635344,33.172,66.828,6.14446115,100,4141.59270180102,..
Lithuania,LTU,2003,YR2003,9.5,3415213,609256,33.263,66.737,6.18627787,100,5499.42898911387,..
Lithuania,LTU,2004,YR2004,9.3,3377075,583410,33.354,66.646,5.5114994,100,6700.32719189382,..
Lithuania,LTU,2005,YR2005,9,3322528,555835,33.365,66.635,5.64800453,100,7854.76527867855,..
Lithuania,LTU,2006,YR2006,8.6,3269909,529807,33.294,66.706,5.84418154,100,9230.70798102521,..
Lithuania,LTU,2007,YR2007,8,3231294,507590,33.223,66.777,5.7643218,100,12285.4470537014,..
Lithuania,LTU,2008,YR2008,7.3,3198231,489624,33.152,66.848,6.29453754,100,14944.996652175,..
Lithuania,LTU,2009,YR2009,6.7,3162916,476134,33.158,66.842,7.36587334,100,11820.7761591359,..
Lithuania,LTU,2010,YR2010,6,3097282,460770,33.243,66.757,6.81462288,100,11987.508411647,..
Lithuania,LTU,2011,YR2011,5.5,3028115,446259,33.259,66.741,6.4878149,100,14376.9478643932,..
Lithuania,LTU,2012,YR2012,5.2,2987773,437571,33.136,66.864,6.2759347,100,14367.709424872,..
Lithuania,LTU,2013,YR2013,5,2957689,431282,33.014,66.986,6.12593651,100,15729.6524666512,..
Lithuania,LTU,2014,YR2014,4.9,2932367,426190,32.892,67.108,6.19332647,100,16551.018202078,..
Lithuania,LTU,2015,YR2015,4.9,2904910,422645,32.77,67.23,6.49043989,100,14263.9645773495,..
Lithuania,LTU,2016,YR2016,4.8,2868231,420120,32.634,67.366,6.63746214,100,15008.3132445526,..
Lithuania,LTU,2017,YR2017,4.4,2828403,417857,32.484,67.516,6.47513723,100,16885.4073948373,..
Lithuania,LTU,2018,YR2018,4,2801543,416983,32.321,67.679,6.53385353,100,19186.359591641,..
Lithuania,LTU,2019,YR2019,3.6,2794137,418416,32.145,67.855,7.00600433,100,19595.1415724355,..
Lithuania,LTU,2020,YR2020,3.3,2794885,421192,31.954,68.046,..,100,20339.5212699052,..
Lithuania,LTU,2021,YR2021,..,2800839,425241,31.751,68.249,..,..,23723.3402510345,..
Latvia,LVA,1997,YR1997,17.9,2432851,476354,31.4,68.6,..,100,2683.2413681237,100
Latvia,LVA,1998,YR1998,16.6,2410019,456884,31.549,68.451,..,100,2973.53484252681,100
Latvia,LVA,1999,YR1999,15.4,2390482,436934,31.78,68.22,..,100,3151.57701817354,100
Latvia,LVA,2000,YR2000,14.2,2367550,417294,31.933,68.067,5.4399581,100,3361.64086880275,100
Latvia,LVA,2001,YR2001,13.3,2337170,396526,32.05,67.95,5.7776227,99,3578.00190041351,100
Latvia,LVA,2002,YR2002,12.6,2310173,376404,32.15,67.85,5.77001858,100,4136.93329688951,100
Latvia,LVA,2003,YR2003,11.9,2287955,359406,32.2,67.8,5.48984146,99,5145.19523190241,100
Latvia,LVA,2004,YR2004,11.2,2263122,344296,32.1,67.9,6.21677923,100,6378.66652057115,100
Latvia,LVA,2005,YR2005,10.5,2238799,330758,32,68,5.84766769,100,7594.90238431362,100
Latvia,LVA,2006,YR2006,9.8,2218357,320122,32.033,67.967,5.71834707,100,9723.44690174779,100
Latvia,LVA,2007,YR2007,9.3,2200325,312563,32.1,67.9,5.52228498,99.4,14113.5291277327,100
Latvia,LVA,2008,YR2008,8.8,2177322,307423,32.166,67.834,5.6001029,99.1,16467.1436879405,100
Latvia,LVA,2009,YR2009,8.3,2141669,302614,32.186,67.814,6.11926985,98.9,12331.9285524089,100
Latvia,LVA,2010,YR2010,7.8,2097555,297322,32.159,67.841,6.11952686,98.8,11420.9940032836,100
Latvia,LVA,2011,YR2011,7.2,2059709,293825,32.131,67.869,5.54237556,98.6,13338.9622350852,100
Latvia,LVA,2012,YR2012,6.6,2034319,293313,32.103,67.897,5.38090277,98.6,13847.3379393194,100
Latvia,LVA,2013,YR2013,6,2012647,294332,32.075,67.925,5.36752796,98.4,15007.4918561719,100
Latvia,LVA,2014,YR2014,5.5,1993782,295388,32.048,67.952,5.46614885,98.1,15742.3913381908,100
Latvia,LVA,2015,YR2015,5,1977527,296311,32.02,67.98,5.65469503,99.9,13786.4567953114,100
Latvia,LVA,2016,YR2016,4.7,1959537,297552,31.979,68.021,6.13591957,99.9,14331.7515885049,100
Latvia,LVA,2017,YR2017,4.4,1942248,298900,31.925,68.075,5.97031736,99.9,15695.1151541059,100
Latvia,LVA,2018,YR2018,4.2,1927174,299174,31.858,68.142,6.19103575,..,17865.0310947642,100
Latvia,LVA,2019,YR2019,4.1,1913822,298816,31.778,68.222,6.57814217,..,17945.2222164984,100
Latvia,LVA,2020,YR2020,4,1900449,297425,31.685,68.315,..,..,18207.1396408631,100
Latvia,LVA,2021,YR2021,..,1884490,294478,31.579,68.421,..,..,21148.1629405415,100
Estonia,EST,1997,YR1997,13.8,1399535,276591,30.077,69.923,..,99.3,3682.95230146695,..
Estonia,EST,1998,YR1998,12.8,1386156,266232,30.267,69.733,..,99.5,4093.39247738765,..
Estonia,EST,1999,YR1999,11.8,1390244,255647,30.457,69.543,..,99.5,4140.93660232167,..
Estonia,EST,2000,YR2000,10.9,1396985,246351,30.632,69.368,5.15698433,99.6,4070.60902410208,..
Estonia,EST,2001,YR2001,10.1,1388115,238140,30.758,69.242,4.77708292,99.6,4505.85833233188,..
Estonia,EST,2002,YR2002,9.3,1379350,229659,30.884,69.116,4.70043564,99.6,5341.62894677002,..
Estonia,EST,2003,YR2003,8.5,1370720,220925,31.011,68.989,4.85959911,99.5,7203.52303786646,..
Estonia,EST,2004,YR2004,7.8,1362550,212735,31.138,68.862,5.119555,99.8,8914.10355674451,..
Estonia,EST,2005,YR2005,7.2,1354775,206033,31.265,68.735,5.05801439,99.7,10412.6443137966,..
Estonia,EST,2006,YR2006,6.6,1346810,201480,31.393,68.607,4.76530361,99.7,12639.4000677296,..
Estonia,EST,2007,YR2007,6,1340680,199156,31.521,68.479,4.98330879,99.7,16744.5844516343,..
Estonia,EST,2008,YR2008,5.5,1337090,199067,31.649,68.351,5.71032381,99.7,18204.9664786762,..
Estonia,EST,2009,YR2009,5,1334515,200655,31.777,68.223,6.51218891,99.7,14711.7352728223,..
Estonia,EST,2010,YR2010,4.6,1331475,202857,31.906,68.094,6.27124023,99.8,14663.0446126465,..
Estonia,EST,2011,YR2011,4.2,1327439,204858,32.035,67.965,5.7667613,99.7,17487.8047830922,..
Estonia,EST,2012,YR2012,3.9,1322696,206225,32.026,67.974,5.79034519,99.8,17403.2053254767,..
Estonia,EST,2013,YR2013,3.6,1317997,207437,31.878,68.122,5.97791481,99.7,19056.0019226989,..
Estonia,EST,2014,YR2014,3.3,1314545,208827,31.731,68.269,6.08077621,99.7,20261.0667303886,..
Estonia,EST,2015,YR2015,3.1,1315407,210657,31.584,68.416,6.34629202,99.7,17402.0376128079,..
Estonia,EST,2016,YR2016,2.8,1315790,212526,31.437,68.563,6.42956781,99.7,18295.3429322114,..
Estonia,EST,2017,YR2017,2.6,1317384,214415,31.283,68.717,6.59183788,99.5,20437.765376736,..
Estonia,EST,2018,YR2018,2.4,1321977,216326,31.12,68.88,6.68642807,99.6,23165.8494786437,..
Estonia,EST,2019,YR2019,2.3,1326898,218070,30.949,69.051,6.7304492,99.7,23424.4847073518,..
Estonia,EST,2020,YR2020,2.1,1329522,218916,30.771,69.229,..,99.6,23595.2436836441,..
Estonia,EST,2021,YR2021,..,1330932,219196,30.585,69.415,..,..,27943.701219882,..
Finland,FIN,1997,YR1997,4.7,5139835,964907,18.534,81.466,..,98.4,24691.8728133698,..
Finland,FIN,1998,YR1998,4.6,5153498,956201,18.293,81.707,..,98.3,26009.2694886182,..
Finland,FIN,1999,YR1999,4.4,5165474,947030,18.054,81.946,..,98.4,26186.1900105755,..
Finland,FIN,2000,YR2000,4.3,5176209,939626,17.817,82.183,7.09253168,99.9,24345.9148217032,..
Finland,FIN,2001,YR2001,4.2,5188008,933922,17.632,82.368,7.25090408,99.9,24967.7925153182,..
Finland,FIN,2002,YR2002,4.1,5200598,929264,17.497,82.503,7.62769508,99.9,26997.7529897788,..
Finland,FIN,2003,YR2003,4,5213014,923528,17.362,82.638,7.93805122,99.9,32927.6802919408,..
Finland,FIN,2004,YR2004,3.9,5228172,917309,17.228,82.772,8.05912876,99.8,37772.1781110398,..
Finland,FIN,2005,YR2005,3.7,5246096,910716,17.095,82.905,8.28795624,99.9,39054.8504423825,..
Finland,FIN,2006,YR2006,3.6,5266268,904026,16.963,83.037,8.2841177,99.8,41222.6020004611,..
Finland,FIN,2007,YR2007,3.5,5288720,897874,16.832,83.168,8.08359337,99.8,48476.3927287052,..
Finland,FIN,2008,YR2008,3.3,5313399,892875,16.701,83.299,8.34310627,99.8,53772.7942390019,..
Finland,FIN,2009,YR2009,3.2,5338871,889750,16.571,83.429,9.16122246,99.8,47481.4845364339,..
Finland,FIN,2010,YR2010,3,5363352,888017,16.23,83.77,9.14202785,99.8,46505.3031791811,..
Finland,FIN,2011,YR2011,2.9,5388272,888353,15.687,84.313,9.22303009,99.8,51148.9316365833,..
Finland,FIN,2012,YR2012,2.8,5413971,890214,15.159,84.841,9.5857954,99.8,47708.0612784469,..
Finland,FIN,2013,YR2013,2.7,5438972,893235,14.875,85.125,9.80534649,99.7,49892.2233632732,..
Finland,FIN,2014,YR2014,2.6,5461512,895839,14.825,85.175,9.78115082,99.7,50327.2402902632,..
Finland,FIN,2015,YR2015,2.5,5479531,896336,14.775,85.225,9.64523888,99.7,42801.9081167285,..
Finland,FIN,2016,YR2016,2.4,5495303,895127,14.725,85.275,9.37796021,99.6,43814.0265056965,..
Finland,FIN,2017,YR2017,2.4,5508214,892334,14.675,85.325,9.12670135,99.6,46412.1364777169,..
Finland,FIN,2018,YR2018,2.4,5515525,886366,14.618,85.382,9.03608513,99.6,49987.6261584968,..
Finland,FIN,2019,YR2019,2.3,5521606,876679,14.554,85.446,9.15348339,99.5,48629.8582283032,..
Finland,FIN,2020,YR2020,2.3,5529543,866000,14.483,85.517,..,99.6,49170.7521512441,..
Finland,FIN,2021,YR2021,..,5541017,854904,14.404,85.596,..,..,53654.7502964259,..
,,,,,,,,,,,,
,,,,,,,,,,,,
,,,,,,,,,,,,
Data from database: World Development Indicators,,,,,,,,,,,,
Last Updated: 12/22/2022,,,,,,,,,,,,
